,std_dt,symbol,value
0,20201218,A152330,해산 사유 발생
1,20201105,A271780,상장폐지 신청('20.10.13)
2,20200909,A194510,감사의견거절(감사범위 제한)
3,20200820,A277480,상장예비심사 청구서 미제출로 관리종목 지정 후 1개월 이내 동 사유 미해소
4,20200811,A204990,기업의 계속성 및 경영의 투명성 등을 종합적으로 고려하여 상장폐지기준에 해당한다고 결정
5,20200807,A228180,포괄적 주식교환에 따른 상장폐지 신청('20.7.17)
6,20200731,A065940,감사의견 거절(감사범위 제한 및 계속기업 존속능력에 대한 불확실성)
7,20200727,A281410,상장예비심사 청구서 미제출로 관리종목 지정 후 1개월 이내 동 사유 미해소
8,20200721,A004200,해산 사유 발생
9,20200716,A108790,피흡수합병
10,20200713,A002300,해산 사유 발생
11,20200710,A149940,감사의견거절(감사범위 제한)
12,20200703,A279410,상장예비심사 청구서 미제출로 관리종목 지정 후 1개월 이내 동 사유 미해소
13,20200702,A134780,감사의견거절(감사범위제한)
14,20200701,A099340,존속기간 만료
15,20200701,A099350,존속기간 만료
16,20200630,A005450,감사의견 의견거절 2년 계속
17,20200630,A112240,감사의견 거절(감사범위 제한)
18,20200623,A083370,존속기간 만료
19,20200618,A276920,상장예비심사 청구서 미제출로 관리종목 지정 후 1개월 이내 동 사유 미해소
20,20200617,A183350,"외부감사인의 감사의견 거절(감사범위 제한), 감사의견 한정(감사범위 제한)"
21,20200608,A220250,피흡수합병
22,20200601,A103130,감사의견 의견거절 2년 계속
23,20200522,A094190,감사의견 거절(감사범위 제한 및 계속기업 존속능력에 대한 불확실성)
24,20200522,A900040,"법정제출기한까지 사업보고서를 제출하지 아니한 후, 법정제출기한의 다음날부터 10일이내에 사업보고서를 제출하지 아니함 "
25,20200521,A030270,감사의견거절(감사범위제한 및 계속기업 존속 불확실)
26,20200521,A054340,감사의견 거절(감사범위 제한 및 계속기업 존속능력에 대한 불확실성)
27,20200514,A197210,기업의 계속성 및 경영의 투명성 등을 종합적으로 고려하여 상장폐지기준에 해당한다고 결정
28,20200513,A205290,외부감사인의 감사의견 의견거절(감사범위 제한)
29,20200512,A189540,감사의견 거절(계속기업 존속능력에 대한 불확실성)
30,20200504,A083380,존속기간 만료
31,20200427,A159650,감사의견 부적정
32,20200416,A027390,지주회사(최대주주등)의 완전자회사화 등
33,20200410,A220110,사업보고서 법정제출기한('20.3.30限)내 미제출
34,20200410,A123260,"제28조제1항제9호에 따라 관리종목 지정 후 공시규정 제19조제1항에 따른 사업보고서 법정제출기한 내 미제출, 최근 2년간 3회 이상 공시규정 제19조제1항의 규정에 의한 사업보고서, 반기보고서 또는 분기보고서 법정제출기한 내 미제출"
35,20200324,A011160,지주회사(최대주주등)의 완전자회사화 등
36,20200303,A271740,상장예비심사 청구서 미제출로 관리종목 지정 후 1개월 이내 동 사유 미해소
37,20200227,A311840,지정자문인 선임계약 해지 후 30일 이내 미체결(2020.2.13 限)
38,20200227,A252370,지정자문인 선임계약 해지 후 30일 이내 미체결(2020.2.13 限)
39,20200214,A079440,지주회사(최대주주등)의 완전자회사화 등
40,20200212,A122800,기업의 계속성 및 경영의 투명성 등을 종합적으로 고려하여 상장폐지기준에 해당한다고 결정
41,20200116,A077280,피흡수합병
42,20200115,A265920,상장예비심사 청구서 미제출로 관리종목 지정후 1개월 이내 동사유를 미해소
43,20200103,A265480,상장예비심사 청구서 미제출로 관리종목 지정 후 1개월 이내 동 사유 미해소
44,20191230,A210610,피흡수합병
45,20191227,A122050,피흡수합병
46,20191212,A035480,기업의 계속성 및 경영의 투명성 등을 종합적으로 고려하여 상장폐지기준에 해당한다고 결정
47,20191206,A247300,피흡수합병
48,20191206,A264290,상장예비심사 청구서 미제출로 관리종목 지정 후 1개월 이내 동 사유 미해소
49,20191203,A226610,피흡수합병
50,20191120,A017680,발행한 어음 또는 수표가 주거래은행에 의하여 최종부도로 결정되거나 거래은행에 의한 거래정지
51,20191115,A230400,피흡수합병
52,20191010,A262830,상장예비심사 청구서 미제출로 관리종목 지정 후 1개월 이내 동 사유 미해소
53,20191002,A135270,파산선고에 따른 해산사유 발생
54,20191001,A257730,상장예비심사 청구서 미제출로 관리종목 지정 후 1개월 이내 동 사유 미해소
55,20191001,A271400,피흡수합병
56,20190916,A225650,타법인의 완전자회사로 편입
57,20190830,A232330,상장예비심사 청구서 미제출로 관리종목 지정 후 1개월 이내 동 사유 미해소
58,20190717,A026180,피흡수합병
59,20190716,A221670, 지정자문인 선임계약 해지 후 30일 이내 미체결(2019.7.2 限) 
60,20190716,A176560,피흡수합병
61,20190704,A262760,피흡수합병
62,20190626,A079660,해산 사유 발생
63,20190610,A229480,피흡수합병
64,20190522,A242850,지정자문인 선임계약 해지 후 30일 이내 미체결(2019.5.8 限)
65,20190520,A002250,지주회사(최대주주등)의 완전자회사화 등
66,20190507,A140890,해산 사유 발생
67,20190503,A065160,감사의견 거절(감사범위 제한)
68,20190304,A250300,지정자문인 선임계약 해지 후 30일이내 미체결(2019.2.1 限)
69,20190227,A245030,상장폐지 신청('19.1.25)
70,20190220,A123100,피흡수합병
71,20190213,A000030,지주회사(최대주주등)의 완전자회사화 등
72,20190129,A240540,상장예비심사 청구서 미제출로 관리종목 지정 후 1개월 이내 동 사유 미해소
73,20190102,A900090,제28조제1항제9호에 따라 관리종목 지정 후 공시규정 제19조 제1항에 따른 분기보고서 법정기한 내 미제출
74,20181219,A004130,해산 사유 발생
75,20181213,A002000,신청에 의한 상장폐지
76,20181211,A167380,피흡수합병
77,20181115,A272420,상장폐지 신청('18.11.5)
78,20181029,A242420,피흡수합병
79,20181026,A192530,지주회사(최대주주등)의 완전자회사화 등
80,20181012,A194610,감사의견거절(감사범위 제한 및 계속기업 존속능력에 대한 불확실성)
81,20181012,A155960,감사의견 거절(감사범위 제한)
82,20181012,A232270,상장예비심사 청구서 미제출로 관리종목 지정 후 1개월 이내 동 사유 미해소
83,20181012,A235010,상장예비심사 청구서 미제출로 관리종목 지정 후 1개월 이내 동 사유 미해소
84,20181011,A032040,감사의견거절(범위제한 및 계속기업 존속능력에 대한 불확실성)
85,20181011,A081970,감사의견거절(감사범위제한)
86,20181011,A047440,감사의견거절(감사범위 제한 및 계속기업 존속능력에 대한 불확실성)
87,20181011,A110660,지정자문인 선임계약 해지 후 30일이내 미체결(2018.9.20限)
88,20181011,A026260,감사의견거절(감사범위 제한)
89,20181011,A052290,감사의견거절(감사범위 제한)
90,20181004,A005980,감사의견 의견거절
91,20180928,A237720,피흡수합병
92,20180918,A016170,피흡수합병
93,20180911,A062580,피흡수합병
94,20180907,A251540,감사의견 거절(감사범위 제한)
95,20180822,A138290,상장폐지 신청('18.7.19)
96,20180810,A043580,감사의견거절(감사범위 제한)
97,20180807,A144740,지정자문인 선임계약 해지 후 30일이내 미체결(2018.07.24限)
98,20180726,A230490,상장예비심사 청구서 미제출로 관리종목 지정 후 1개월 이내 동 사유 미해소
99,20180718,A130960,피흡수합병
100,20180717,A090730,피흡수합병
101,20180716,A024660,피흡수합병
102,20180709,A099660,발행한 어음 또는 수표가 주거래은행에 의하여 최종부도로 결정되거나 거래은행에 의한 거래정지
103,20180605,A226850,상장예비심사 청구서 미제출로 관리종목 지정 후 1개월 이내 동 사유 미해소
104,20180528,A225440,상장예비심사 청구서 미제출로 관리종목 지정 후 1개월 이내 동 사유 미해소
105,20180523,A900180,감사의견거절(감사범위 제한)
106,20180514,A246830,감사의견 거절(계속기업 존속능력에 대한 불확실성)
107,20180509,A235090,감사의견 거절(감사범위 제한)
108,20180508,A087220,감사의견거절(감사범위 제한 및 계속기업 존속능력에 대한 불확실성)
109,20180504,A099830,감사의견거절(감사범위 제한)
110,20180425,A252940,감사의견 거절(감사범위 제한 및 계속기업 존속능력에 대한 불확실성)
111,20180418,A091270,지정자문인 선임계약 해지 후 30일이내 미체결(2018.04.04限)
112,20180417,A221200,상장예비심사 청구서 미제출로 관리종목 지정 후 1개월 이내 동 사유 미해소
113,20180330,A223040,상장예비심사 청구서 미제출로 관리종목 지정 후 1개월 이내 동 사유 미해소
114,20180330,A221950,상장예비심사 청구서 미제출로 관리종목 지정 후 1개월 이내 동 사유 미해소
115,20180328,A199870,지정자문인 선임계약 해지후 30일이내 미체결(18.3.14限)
116,20180320,A008000,지주회사(최대주주등)의 완전자회사화 등
117,20180315,A051170,'16사업연도 감사의견거절(계속기업 존속능력에 대한 불확실성) 및 '17사업연도 반기 감사의견거절(계속기업 존속능력에 대한 불확실성)
118,20180313,A222390,상장예비심사 청구서 미제출로 관리종목 지정 후 1개월 이내 동 사유 미해소
119,20180309,A039790,기업의 계속성 및 경영의 투명성 등을 종합적으로 고려하여 상장폐지기준에 해당한다고 결정
120,20180302,A219860,상장예비심사 청구서 미제출로 관리종목 지정 후 1개월 이내 동 사유 미해소
121,20180223,A219960,상장예비심사 청구서 미제출로 관리종목 지정 후 1개월 이내 동 사유 미해소
122,20180214,A218710,상장예비심사 청구서 미제출로 관리종목 지정 후 1개월 이내 동 사유 미해소
123,20180213,A256090,피흡수합병
124,20180207,A219580,상장예비심사 청구서 미제출로 관리종목 지정 후 1개월 이내 동 사유 미해소
125,20180119,A217810,상장예비심사 청구서 미제출로 관리종목 지정 후 1개월 이내 동 사유 미해소
126,20180104,A215750,상장예비심사 청구서 미제출로 관리종목 지정 후 1개월 이내 동 사유 미해소
127,20171228,A233190,피흡수합병
128,20171226,A215580,상장예비심사 청구서 미제출로 관리종목 지정 후 1개월 이내 동 사유 미해소
129,20171222,A232290,피흡수합병
130,20171220,A023430,기업의 계속성 및 경영의 투명성 등을 종합적으로 고려하여 상장폐지기준에 해당한다고 결정
131,20171129,A260490,지정자문인 선임계약 해지 후 30일이내 미체결(2017.11.15限)
132,20171106,A207930,상장예비심사 청구서 미제출로 관리종목 지정 후 1개월 이내 동 사유 미해소
133,20171020,A206660,상장예비심사 청구서 미제출로 관리종목 지정 후 1개월 이내 동 사유 미해소
134,20171016,A207720,상장예비심사 청구서 미제출로 관리종목 지정 후 1개월 이내 동 사유 미해소
135,20170929,A061460,피흡수합병
136,20170927,A900050,감사의견 의견거절
137,20170919,A085980,피흡수합병
138,20170912,A095300,"감사의견 거절(내부회계관리제도상의 취약점, 계속기업가정의 불확실성 및 재고자산 관련 감사범위 제한)"
139,20170831,A189700,지정자문인 선임계약 해지 후 30일이내 미체결(2017.08.17限)
140,20170825,A005620,해산 사유 발생
141,20170802,A204690,상장폐지 신청('17.07.28)
142,20170731,A083620,존속기간 만료
143,20170731,A208870,상장예비심사 청구서 미제출로 관리종목 지정 후 1개월 이내 동 사유 미해소
144,20170725,A232360,지정자문인 선임계약 해지 후 30일이내 미체결(2017.07.11限)
145,20170725,A900130,상장폐지 신청('17.06.22)
146,20170721,A002550,지주회사(최대주주등)의 완전자회사화 등
147,20170721,A021960,지주회사(최대주주등)의 완전자회사화 등
148,20170713,A156170,지정자문인 선임계약 해지 후 30일이내 미체결(2017.6.29限)
149,20170707,A204650,상장예비심사 청구서 미제출로 관리종목 지정 후 1개월 이내 동 사유 미해소
150,20170705,A004740,"기업의 계속성, 경영의 투명성 및 기타 공익과 투자자 보호 등을 종합적으로 고려하여 상장폐지 기준에 해당한다고 결정"
151,20170620,A083610,신청에 의한 상장폐지
152,20170615,A083570,신청에 의한 상장폐지
153,20170615,A083580,신청에 의한 상장폐지
154,20170615,A083590,신청에 의한 상장폐지
155,20170615,A083600,신청에 의한 상장폐지
156,20170615,A204760,상장예비심사 청구서 미제출로 관리종목 지정 후 1개월 이내 동 사유 미해소
157,20170614,A083350,신청에 의한 상장폐지
158,20170614,A083360,신청에 의한 상장폐지
159,20170614,A083390,신청에 의한 상장폐지
160,20170607,A165270,최종부도 발생
161,20170529,A204440,상장예비심사 청구서 미제출로 관리종목 지정 후 1개월 이내 동 사유 미해소
162,20170511,A036500,감사의견 거절(감사범위 제한 및 계속기업 존속능력에 대한 불확실성)
163,20170508,A058370,감사범위제한으로 인한 한정의견
164,20170508,A086830,감사의견 거절(감사범위 제한 및 계속기업 존속능력에 대한 불확실성)
165,20170425,A090970,감사의견 의견거절
166,20170425,A090980,감사의견 의견거절
167,20170425,A090990,감사의견 의견거절
168,20170425,A091000,감사의견 의견거절
169,20170417,A110570,자본전액잠식
170,20170413,A052270,자본전액잠식 등
171,20170412,A194860,감사의견 거절(감사범위제한)
172,20170315,A007190,해산 사유 발생
173,20170307,A068150,기업의 계속성 및 경영의 투명성 등을 종합적으로 고려하여 상장폐지기준에 해당한다고 결정
174,20170307,A117930,해산 사유 발생
175,20170227,A066270,상장폐지신청('17.02.07)
176,20170224,A060910,최근 5사업연도 연속 영업손실 발생
177,20170221,A198940,상장폐지 신청('17.1.18)
178,20170120,A037620,해산 사유 발생
179,20170120,A144630,피흡수합병
180,20170117,A068870,해산 사유 발생
181,20170111,A139200,신청에 의한 상장폐지
182,20170102,A104120,해산 사유 발생
183,20170102,A104110,해산 사유 발생
184,20161223,A192240,상장폐지 신청('16.12.9)
185,20161205,A222520,피흡수합병
186,20161205,A185280,지정자문인 선임계약 해지 후 30일이내 미체결(2016.11.21限)
187,20161121,A011720,감사의견 의견거절
188,20161101,A003450,지주회사(최대주주등)의 완전자회사화 등
189,20160919,A053810,감사의견 거절(감사범위 제한 및 기업회계기준 위배)
190,20160908,A037340,2반기 연속 자본잠식률 50% 이상
191,20160905,A074150,감사의견거절(감사범위 제한)
192,20160818,A025270,피흡수합병
193,20160811,A019300,신청에 의한 상장폐지
194,20160726,A207230,지정자문인 선임계약의 해지한 날의 다음날부터 30일이내(2016.07.12限) 지정자문인 선임계약 미체결
195,20160725,A082390,기업의 계속성 및 경영의 투명성 등을 종합적으로 고려하여 상장폐지기준에 해당한다고 결정
196,20160714,A103650,최종부도 발생
197,20160707,A179440,상장폐지 신청('16.6.14)
198,20160629,A224090,피흡수합병
199,20160613,A092630,신청에 의한 상장폐지
200,20160519,A008020,신청에 의한 상장폐지
201,20160517,A008900,해산 사유 발생
202,20160509,A036220,감사의견 거절(감사범위 제한으로 인한 의견거절)
203,20160509,A086200,감사의견거절(감사범위 제한)
204,20160428,A078780,'14사업연도 자본잠식률 50%이상 사유로 관리종목 지정 후 '15사업연도 반기 감사의견 거절
205,20160421,A158380,피흡수합병
206,20160415,A051310,자본전액잠식
207,20160412,A063840,피흡수합병
208,20160412,A065270,자본전액잠식
209,20160315,A025850,해산 사유 발생
210,20160223,A151750,상장폐지 신청('16.02.01)
211,20160125,A111610,"기업의 계속성, 경영의 투명성 또는 그 밖에 코스닥시장의 건전성 등을 종합적으로 고려하여 상장폐지 기준에 해당한다고 결정"
212,20160121,A003940,해산 사유 발생
213,20151105,A950010,시가총액 미달
214,20151016,A121550,매출액 미달(50억원 미만) 2년 계속
215,20151015,A053870,'14사업연도 자본잠식률 50%이상 사유로 관리종목 지정 후 '15사업연도 반기 감사의견 거절
216,20150925,A082220,지정자문인 선임계약의 해지한 날의 다음날부터 30일이내(2015.09.11限) 지정자문인 선임계약 미체결
217,20150918,A068060,"기업의 계속성, 경영의 투명성 또는 그 밖에 코스닥시장의 건전성 등을 종합적으로 고려하여 상장폐지 기준에 해당한다고 결정"
218,20150916,A138440,"기업의 계속성, 경영의 투명성 및 기타 공익과 투자자 보호 등을 종합적으로 고려하여 상장폐지 기준에 해당한다고 결정"
219,20150915,A000830,해산 사유 발생
220,20150817,A003600,해산 사유 발생
221,20150723,A074130,"기업의 계속성, 경영의 투명성 또는 그 밖에 코스닥시장의 건전성 등을 종합적으로 고려하여 상장폐지 기준에 해당한다고 결정"
222,20150720,A013450,피흡수합병
223,20150716,A040670,자본전액잠식 등
224,20150715,A010520,해산 사유 발생
225,20150710,A071930,감사의견거절(감사범위 제한)
226,20150701,A033630,상장폐지신청('15.6.11)
227,20150623,A192520,지주회사(최대주주등)의 완전자회사화 등
228,20150520,A066350,발행한 어음 또는 수표가 주거래은행에 의하여 최종부도로 결정되거나 거래은행에 의한 거래정지
229,20150519,A039530,기업의 계속성 및 경영의 투명성 등을 종합적으로 고려하여 상장폐지기준에 해당한다고 결정
230,20150519,A039850,기업의 계속성 및 경영의 투명성 등을 종합적으로 고려하여 상장폐지기준에 해당한다고 결정
231,20150513,A090120,감사의견 거절(계속기업 존속능력에 대한 불확실성 및 감사범위 제한)
232,20150504,A065180,감사범위제한으로 인한 한정의견
233,20150430,A179280,감사의견 거절(감사범위 제한 및 계속기업 존속능력에 대한 불확실성)
234,20150430,A160350,감사의견 거절(감사범위 제한 및 계속기업 존속능력에 대한 불확실성)
235,20150423,A053330,자본전액잠식
236,20150415,A000800,자본전액잠식
237,20150415,A000360,자본전액잠식
238,20150415,A014350,자본전액잠식
239,20150415,A181980,상장폐지 신청('15.03.23)
240,20150413,A004320,자본전액잠식
241,20150317,A101970,발행한 어음 또는 수표가 주거래은행에 의하여 최종부도로 결정되거나 거래은행에 의한 거래 정지
242,20150313,A082240,신청에 의한 상장폐지
243,20150313,A082250,신청에 의한 상장폐지
244,20150313,A082260,신청에 의한 상장폐지
245,20150302,A149130,감사의견 부적정
246,20150224,A000420,감사의견 의견거절
247,20150217,A081930,신청에 의한 상장폐지
248,20150210,A053740,상장폐지 신청('15.01.15)
249,20150127,A032420,기업의 계속성 및 경영의 투명성 등을 종합적으로 고려하여 상장폐지기준에 해당한다고 결정
250,20150121,A091690,감사의견 거절(감사범위 제한 및 계속기업 존속능력에 대한 불확실성)
251,20150120,A016420,해산 사유 발생
252,20150120,A081210,존속기간 만료
253,20150116,A003640,해산 사유 발생
254,20150116,A090540,해산 사유 발생
255,20150108,A081940,존속기간 만료
256,20150107,A950100,신청에 의한 상장폐지
257,20141230,A008720,해산 사유 발생
258,20141222,A081200,존속기간 만료
259,20141218,A081190,존속기간 만료
260,20141216,A084650,코스닥시장 상장
261,20141119,A053000,해산 사유 발생
262,20141110,A187770,피흡수합병
263,20141030,A182690,코스닥시장 상장
264,20141030,A139170,피흡수합병
265,20141029,A119250,"기업의 계속성, 경영의 투명성 및 기타 공익과 투자자 보호 등을 종합적으로 고려하여 상장폐지 기준에 해당한다고 결정"
266,20141007,A041920,코스닥시장 상장
267,20140902,A013340,감사의견거절(감사범위 제한 및 계속기업 존속능력에 대한 불확실성)
268,20140902,A046400,감사의견거절(감사범위제한)
269,20140902,A110500,감사의견 거절(계속기업 존속능력에 대한 불확실성)
270,20140724,A059120,코스닥시장 상장
271,20140717,A070480,감사의견 거절(감사범위 제한 및 계속기업 존속능력에 대한 불확실성
272,20140715,A001300,해산 사유 발생
273,20140710,A080180,신청에 의한 상장폐지
274,20140523,A082930,상장폐지신청('14.04.22)
275,20140521,A056340,최종부도 발생
276,20140521,A101990,해산 사유 발생
277,20140508,A041060,감사의견 거절(감사범위 제한 및 계속기업 존속능력에 대한 불확실성)
278,20140425,A080980,신청에 의한 상장폐지
279,20140425,A005900,자본전액잠식
280,20140425,A002530,공시서류 미제출(사업보고서) 후 10일이내 미제출
281,20140415,A067250,자본전액잠식
282,20140415,A010460,보통주 주식분포요건 미충족 2년 계속
283,20140411,A010670,기업의 계속성 및 경영의 투명성 등을 종합적으로 고려하여 상장폐지기준에 해당
284,20140411,A110310,자본전액잠식 등
285,20140411,A012650,자본전액잠식 등
286,20140411,A036210,자본전액잠식등
287,20140410,A005560,신청에 의한 상장폐지
288,20140327,A074000,최근 5사업연도 연속 영업손실 발생 등
289,20140304,A004790,"기업의 계속성, 경영의 투명성 또는 기타 코스닥시장의 건전성 등을 종합적으로 고려하여 상장폐지가 필요하다고 인정"
290,20140303,A081220,피흡수합병
291,20140218,A080970,신청에 의한 상장폐지
292,20140211,A080960,신청에 의한 상장폐지
293,20140207,A053320,기업의 계속성 및 경영의 투명성 등을 종합적으로 고려하여 상장폐지기준에 해당
294,20131011,A900060,상장폐지신청('13.09.06)
295,20131004,A950070,감사의견 의견거절
296,20130925,A008080,신청에 의한 상장폐지
297,20130910,A049000,기업의 계속성 및 경영의 투명성 등을 종합적으로 고려하여 상장폐지기준에 해당
298,20130910,A056810,의견거절(감사범위 제한)
299,20130819,A080030,신청에 의한 상장폐지
300,20130807,A035450,감사의견거절(감사범위 제한 및 계속기업으로서의 존속능력에 대한 불확실성)
301,20130729,A126680,상장예비심사 청구서 미제출로 관리종목 지정 후 1개월 이내 동 사유 미해소
302,20130724,A037630,감사의견거절(감사범위 제한 및 계속기업으로서의 존속능력에 대한 불확실성)
303,20130718,A006350,지주회사의 완전자회사화(지주회사 신규상장)
304,20130715,A128910,상장예비심사 청구서 미제출로 관리종목 지정 후 1개월 이내 동 사유 미해소
305,20130712,A073930,자본전액잠식
306,20130710,A025920,감사의견거절(감사범위 제한)
307,20130605,A900010,상장폐지 신청('13.05.08)
308,20130604,A012410,감사의견 의견거절
309,20130603,A123300,상장예비심사 청구서 미제출로 관리종목 지정 후 1개월 이내 동 사유 미해소
310,20130507,A033550,감사의견거절(감사범위 제한 및 계속기업으로서의 존속능력에 대한 불확실성)
311,20130507,A036920,감사의견거절(감사범위 제한)
312,20130504,A088700,감사의견거절(계속기업으로서의 존속능력에 대한 불확실성)
313,20130503,A028090,감사의견거절(감사범위 제한 및 계속기업으로서의 존속능력에 대한 불확실성)
314,20130503,A003190,감사의견 의견거절
315,20130501,A051710,감사의견거절(감사범위 제한 및 계속기업으로서의 존속능력에 대한 불확실성)
316,20130501,A009010,감사의견거절(감사범위 제한 및 계속기업으로서의 존속능력에 대한 불확실성)
317,20130501,A038720,감사의견 부적정
318,20130501,A046840,감사의견거절(감사범위 제한) 
319,20130426,A004940,신청에 의한 상장폐지
320,20130423,A013780,"기업의 계속성, 경영의 투명성 또는 기타 코스닥시장의 건전성 등을 종합적으로 고려하여 상장폐지가 필요하다고 인정"
321,20130423,A071530,"기업의 계속성, 경영의 투명성 또는 기타 코스닥시장의 건전성 등을 종합적으로 고려하여 상장폐지가 필요하다고 인정"
322,20130416,A009280,매출액 미달(50억원 미만) 2년 계속
323,20130416,A006440,자본전액잠식
324,20130412,A026250,자본전액잠식
325,20130412,A052650,반기 재무제표에 대한 검토의견거절로 관리종목 지정후 자본잠식률 50% 이상
326,20130412,A066060,자본전액잠식
327,20130410,A093400,감사의견 의견거절
328,20130410,A093410,감사의견 의견거절
329,20130410,A099210,감사의견 의견거절
330,20130406,A068420,"기업의 계속성, 경영의 투명성 또는 기타 코스닥시장의 건전성 등을 종합적으로 고려하여 상장폐지가 필요하다고 인정"
331,20130329,A123550,상장예비심사 청구서 미제출로 관리종목 지정 후 1개월 이내 동 사유 미해소
332,20130329,A123910,상장예비심사 청구서 미제출로 관리종목 지정 후 1개월 이내 동 사유 미해소
333,20130329,A123290,상장예비심사 청구서 미제출로 관리종목 지정 후 1개월 이내 동 사유 미해소
334,20130315,A016570,신청에 의한 상장폐지
335,20130227,A031920,2반기 연속 자본잠식률 50%이상
336,20130221,A034010,"기업의 계속성, 경영의 투명성 또는 기타 코스닥시장의 건전성 등을 종합적으로 고려하여 상장폐지가 필요하다고 인정"
337,20130215,A124050,상장예비심사 청구서 미제출로 관리종목 지정후 1개월 이내 동 사유 미해소
338,20130130,A038120,"기업의 계속성, 경영의 투명성 또는 기타 코스닥시장의 건전성 등을 종합적으로 고려하여 상장폐지가 필요하다고 인정"
339,20130128,A007480,해산 사유 발생
340,20130123,A009380,해산 사유 발생
341,20130122,A004010,해산 사유 발생
342,20130118,A014300,해산 사유 발생
343,20130118,A123160,상장예비심사 청구서 미제출로 관리종목 지정후 1개월 이내 동 사유 미해소
344,20130115,A064420,해산 사유 발생
345,20121221,A122750,SPAC 상장예비심사청구서 미제출 등
346,20121211,A015110,보통주 주가수준미달
347,20121205,A046430,"기업의 계속성, 경영의 투명성 또는 기타 코스닥시장의 건전성 등을 종합적으로 고려하여 상장폐지가 필요하다고 인정"
348,20121127,A045050,"기업의 계속성, 경영의 투명성 또는 기타 코스닥시장의 건전성 등을 종합적으로 고려하여 상장폐지가 필요하다고 인정"
349,20121117,A047730,기업의 계속성 및 경영의 투명성 등을 종합적으로 고려하여 상장폐지 기준에 해당한다고 결정
350,20121117,A042820,기업의 계속성 및 경영의 투명성 등을 종합적으로 고려하여 상장폐지 기준에 해당한다고 결정
351,20121116,A048460,피흡수합병
352,20121115,A026870,신청에 의한 상장폐지
353,20121107,A122290,SPAC 상장예비심사청구서 미제출 등
354,20121101,A038990,상장폐지신청('12.10.09)
355,20121101,A035210,상장폐지신청('12.09.26)
356,20121101,A043890,상장폐지 신청('12.09.26)
357,20121023,A121950,상장예비심사 청구서 미제출로 관리종목 지정후 1개월 이내 동 사유 미해소
358,20121017,A016560,자본잠식(자본금의 50/100이상 잠식) 2년 계속
359,20121017,A007200,자본전액잠식
360,20121015,A121910,SPAC 상장예비심사청구서 미제출 등
361,20121012,A016140,상장폐지신청('12.09.12)
362,20121012,A073130,자본잠식률 50% 이상으로 관리종목 지정 이후 최근 반기의 재무제표에 대한 감사인의 감사의견거절 등
363,20120929,A071660,최종부도 발생
364,20120926,A900150,감사의견거절(감사범위 제한 및 계속기업존속능력 불확실성)
365,20120926,A050050,자본전액잠식
366,20120925,A034510,시가총액 40억원 미달
367,20120914,A900030,감사의견 의견거절
368,20120911,A007150,2회 연속 자본잠식률 50%이상
369,20120911,A033280,2반기 연속 자본잠식률 50%이상
370,20120908,A038320,2반기 연속 자본잠식률 50%이상
371,20120905,A019260,"기업의 계속성, 경영의 투명성 또는 기타 코스닥시장의 건전성 등을 종합적으로 고려하여 상장폐지 기준에 해당한다고 결정"
372,20120903,A011800,최종부도발생
373,20120814,A105070,최종부도 발생
374,20120801,A045260,"기업의 계속성, 경영의 투명성 또는 기타 코스닥시장의 건전성 등을 종합적으로 고려하여 상장폐지가 필요하다고 인정"
375,20120725,A007800,"기업의 계속성, 경영의 투명성 및 기타 공익과 투자자 보호 등을 종합적으로 고려하여 상장폐지 기준에 해당한다고 결정"
376,20120725,A025610,"기업의 계속성, 경영의 투명성 및 기타 공익과 투자자 보호 등을 종합적으로 고려하여 상장폐지 기준에 해당한다고 결정"
377,20120724,A098400,"기업의계속성, 경영의 투명성 또는 기타 코스닥시장의 건전성 등을 종합적으로 고려하여 상장폐지 기준에 해당한다고 결정"
378,20120716,A000470,자본전액잠식
379,20120627,A021060,"기업의계속성, 경영의 투명성 또는 기타 코스닥시장의 건전성 등을 종합적으로 고려하여 상장폐지 기준에 해당한다고 결정"
380,20120622,A004550,"기업의 계속성, 경영의 투명성 및 기타 공익과 투자자 보호 등을 종합적으로 고려하여 상장폐지 기준에 해당한다고 결정"
381,20120612,A012400,감사의견 의견거절
382,20120608,A008540,감사의견 의견거절
383,20120608,A067130,"기업의 계속성, 경영의 투명성 또는 기타 코스닥시장의 건전성 등을 종합적으로 고려하여 상장폐지 기준에 해당한다고 결정"
384,20120601,A037240,감사의견거절(감사범위제한)
385,20120531,A065310,기업의 계속성 및 경영의 투명성 등을 종합적으로 고려하여 상장폐지 기준에 해당한다고 결정
386,20120524,A108890,신청에 의한 상장폐지
387,20120518,A001310,최종부도발생
388,20120517,A053040,감사의견거절(감사범위 제한 및 계속기업존속 불확실성)
389,20120501,A050470,감사 의견거절(감사범위 제한)
390,20120501,A066690,감사의견 거절(감사범위 제한 및 계속기업존속불확실성)
391,20120501,A015200,감사의견거절(감사범위제한)
392,20120501,A040740,감사의견거절(감사범위 제한 및 계속기업존속 불확실성)
393,20120501,A065610,감사의견거절(감사범위제한)
394,20120424,A045470,사업보고서 법정제출기한 익일부터 10일 이내 미제출 등
395,20120424,A068630,사업보고서 법정제출기한 익일부터 10일 이내 미제출
396,20120423,A098150,해산 사유 발생
397,20120417,A002670,발행한 어음 또는 수표가 주거래은행에 의하여 최종부도로 결정되거나 거래은행에 의한 거래 정지
398,20120417,A101790,자본잠식(자본금의 50/100이상 잠식) 2년 계속
399,20120417,A052350,감사의견거절(감사범위 제한)
400,20120413,A042340,최근3사업연도중2사업연도자기자본 50%초과법인세비용차감전손실발생
401,20120413,A056710,자본전액잠식
402,20120413,A094700,자본전액잠식
403,20120413,A056010,자본전액잠식 등
404,20120413,A015390,감사의견거절(감사범위제한)
405,20120413,A089480,감사의견거절(감사범위제한)
406,20120319,A037320,피흡수합병
407,20120302,A114130,신청에 의한 상장폐지
408,20120302,A114140,신청에 의한 상장폐지
409,20120302,A134000,신청에 의한 상장폐지
410,20120208,A088960,기업의 계속성 및 경영의 투명성 등을 종합적으로 고려하여 상장폐지 기준에 해당한다고 결정
411,20120201,A037380,기업의 계속성 및 경영의 투명성 등을 종합적으로 고려하여 상장폐지 기준에 해당한다고 결정
412,20120201,A046720,기업의 계속성 및 경영의 투명성 등을 종합적으로 고려하여 상장폐지 기준에 해당한다고 결정
413,20120201,A093820,해산 사유 발생
414,20120120,A061050,기업의 계속성 및 경영의 투명성 등을 종합적으로 고려하여 상장폐지 기준에 해당한다고 결정
415,20120118,A032930,피흡수합병
416,20120111,A022520,해산 사유 발생
417,20111228,A025340,기업의 계속성 및 경영의 투명성 등을 종합적으로 고려하여 상장폐지 기준에 해당한다고 결정
418,20111228,A061140,"기업의 계속성, 경영의 투명성 또는 기타 코스닥시장의 건전성 등을 종합적으로 고려하여 상장폐지가 필요하다고 결정"
419,20111220,A025970,피흡수합병
420,20111215,A054120,피흡수합병
421,20111215,A090090,피흡수합병
422,20111129,A026220,기업의 계속성 및 경영의 투명성 등을 종합적으로 고려하여 상장폐지 기준에 해당한다고 결정
423,20111126,A037540,"기업의 계속성, 경영의 투명성 또는 기타 코스닥시장의 건전성 등을 종합적으로 고려하여 상장폐지 기준에 해당한다고 결정"
424,20111126,A900020,상장폐지신청('11.10.27)
425,20111124,A094520,신청에 의한 상장폐지
426,20111122,A052810,"기업의 계속성, 경영의 투명성 또는 기타 코스닥시장의 건전성 등을 종합적으로 고려하여 상장폐지 기준에 해당한다고 결정"
427,20111105,A950030,기업의 계속성 및 경영의 투명성 등을 종합적으로 고려하여 상장폐지 기준에 해당한다고 결정
428,20111026,A037550,"자본잠식률 50% 이상으로 관리종목 지정 후, 최근 반기의 재무제표에 대한 감사인의 감사의견 거절"
429,20111025,A040180,감사의견거절(감사범위 제한)
430,20111014,A024100,자본전액잠식
431,20111014,A026540,감사의견거절(감사범위제한)
432,20111012,A037700,기업의 계속성 및 경영의 투명성 등을 종합적으로 고려하여 상장폐지 기준에 해당한다고 결정
433,20111006,A054010,감사의견거절(감사범위 제한 및 계속기업으로서의 존속능력에 대한 불확실성)
434,20111006,A042870,감사의견거절(감사범위 제한 및 계속기업으로서의 존속능력에 대한 불확실성)
435,20110926,A103150,해산 사유 발생
436,20110923,A081090,감사의견거절(감사범위 제한 및 계속기업으로서의 존속능력에 대한 불확실성) 등
437,20110923,A052880,상장폐지사유 발생
438,20110915,A036840,"기업의 계속성, 경영의 투명성 또는 기타 코스닥시장의 건전성등을 종합적으로 고려하여 상장폐지가  필요하다고 인정"
439,20110914,A023020,피흡수합병
440,20110909,A047600,자본잠식률 50% 이상으로 관리종목 지정 후 반기보고서 법정제출기한 익일부터 10일이내 반기검토(감사)보고서 미제출
441,20110909,A066340,자본잠식률 50% 이상으로 관리종목 지정 후 반기보고서 법정제출기한 익일부터 10일 이내 반기 검토(감사)보고서 미제출
442,20110822,A036550,피흡수합병
443,20110820,A050640,"기업의 계속성, 경영의 투명성 또는 기타 코스닥시장의 건전성 등을 종합적으로 고려하여 상장폐지가 필요하다고 인정"
444,20110718,A016510,해산 사유 발생
445,20110629,A034600,자본잠식률 50%이상으로 관리종목 지정 후 반기 재무제표에 대한 감사의견 거절
446,20110624,A105380,감사의견 의견거절
447,20110616,A052510,감사의견거절(감사범위 제한 및 계속기업으로서의 존속능력에 대한 불확실성)
448,20110616,A039350,기업의 계속성 및 경영의 투명성 등을 종합적으로 고려하여 상장폐지 기준에 해당한다고 결정
449,20110609,A031950,"기업의 계속성, 경영의 투명성 또는 기타 코스닥시장의 건전성 등을 종합적으로 고려하여 상장폐지가 필요하다고 인정"
450,20110607,A005270,지주회사의 완전자회사화(지주회사 신규상장)
451,20110517,A004620,해산 사유 발생
452,20110513,A014590,감사의견 의견거절
453,20110513,A017170,감사의견 의견거절
454,20110507,A072530,감사의견거절(감사범위 제한 및 계속기업으로서의 존속능력에 대한 불확실성)
455,20110507,A030420,감사의견 부적정
456,20110507,A033850,감사의견거절(감사범위제한)
457,20110507,A038710,감사의견거절(계속기업으로서의 존속능력에 대한 불확실성)
458,20110429,A019430,감사의견거절(감사범위제한)
459,20110429,A054150,감사의견거절(감사범위제한)
460,20110429,A088810,감사의견거절(감사범위 제한 및 계속기업으로서의 존속능력에 대한 불확실성)
461,20110429,A017160,감사의견거절(감사범위제한 및 계속기업으로서의 존속능력에 대한 불확실성)
462,20110429,A054170,감사의견거절(감사범위 제한)
463,20110429,A039040,감사의견거절(감사범위 제한 및 계속기업으로서의 존속능력에 대한 불확실성)
464,20110429,A043630,감사의견거절(감사범위 제한 및 계속기업으로서의 존속능력에 대한 불확실성)
465,20110426,A016160,공시서류 미제출(사업보고서) 후 10일이내 미제출
466,20110423,A032290,사업보고서 법정제출기한 익일부터 10일 이내 미제출
467,20110423,A049690,사업보고서 법정제출기한 익일부터 10일이내 미제출
468,20110423,A037020,사업보고서 법정제출기한 익일부터 10일이내 미제출
469,20110416,A060750,최종부도 발생
470,20110415,A005350,자본전액잠식
471,20110415,A013240,자본전액잠식
472,20110413,A031990,자본전액잠식 등
473,20110413,A043680,자본전액잠식 등
474,20110413,A048640,자본전액잠식 등
475,20110413,A030030,자본전액잠식
476,20110406,A019120,기업의 계속성 및 경영의 투명성 등을 종합적으로 고려하여 상장폐지 기준에 해당한다고 결정
477,20110330,A005280,지주회사의 완전자회사화(지주회사 신규상장)
478,20110322,A037150,씨제이이앤엠(주)에 피흡수합병
479,20110322,A056200,씨제이이앤엠(주)에 피흡수합병
480,20110322,A045710,해산 사유 발생
481,20110303,A032380,기업의 계속성 및 경영의 투명성 등을 종합적으로 고려하여 상장폐지 기준에 해당한다고 결정
482,20110216,A009720,신청에 의한 상장폐지
483,20110212,A046240,기업의 계속성 및 경영의 투명성 등을 종합적으로 고려하여 상장폐지 기준에 해당한다고 결정
484,20110210,A084450,감사의견거절(범위제한 및 계속기업 존속 불확실성)
485,20110114,A051820,피흡수합병
486,20110108,A088020,"기업의 계속성, 경영의 투명성 또는 기타 코스닥시장의 건전성 등을 종합적으로 고려하여 상장폐지 기준에 해당한다고 결정"
487,20110105,A094950,해산 사유 발생
488,20110104,A082110,종목별 상장폐지신청
489,20101229,A086720,존속기간 만료
490,20101228,A088010,존속기간 만료
491,20101204,A052210,"기업의 계속성, 경영의 투명성 또는 기타 코스닥시장의 건전성 등을 종합적으로 고려하여 상장폐지 기준에 해당한다고 결정"
492,20101203,A101380,신청에 의한 상장폐지
493,20101203,A102000,신청에 의한 상장폐지
494,20101130,A047450,"기업의 계속성, 경영의 투명성 또는 기타 코스닥시장의 건전성 등을 종합적으로 고려하여 상장폐지 기준에 해당한다고 결정"
495,20101129,A078420,신청에 의한 상장폐지
496,20101125,A048140,"기업의 계속성, 경영의 투명성 또는 기타 코스닥시장의 건전성 등을 종합적으로 고려하여 상장폐지 기준에 해당한다고 결정"
497,20101122,A044640,피흡수합병
498,20101110,A048510,최근 사업연도말 기준으로 자본잠식률 100분의 50 이상 및 자기자본 10억원 미만의 사유로 관리종목으로 지정된 후 최근 반기말 외부감사인의 감사보고서상 계속기업 존속능력에 대한 불확실성으로 인한 의견거절 발생
499,20101106,A070080,최종부도
500,20101025,A080410,신청에 의한 상장폐지
501,20101020,A052970,"기업의 계속성, 경영의 투명성 또는 기타 코스닥시장의 건전성 등을 종합적으로 고려하여 상장폐지 기준에 해당한다고 결정"
502,20101019,A013650,피흡수합병
503,20101015,A084160,해산 사유 발생
504,20101012,A058900,"기업의 계속성, 경영의 투명성 또는 기타 코스닥시장의 건전성 등을 종합적으로 고려하여 상장폐지 기준에 해당한다고 결정"
505,20101001,A055250,"기업의 계속성, 경영의 투명성 또는 기타 코스닥시장의 건전성 등을 종합적으로 고려하여 상장폐지 기준에 해당한다고 결정"
506,20101001,A035400,기업의 계속성 및 경영의 투명성 등을 종합적으로 고려하여 상장폐지가 필요하다고 인정
507,20100925,A033030,"기업의 계속성, 경영의 투명성 또는 기타 코스닥시장의 건전성 등을 종합적으로 고려하여 상장폐지 기준에 해당한다고 결정"
508,20100914,A041450,최종부도 발생
509,20100903,A089240,감사의견거절(감사범위 제한)
510,20100826,A058690,기업의 계속성 및 경영의 투명성 등을 종합적으로 고려하여 상장폐지가 필요하다고 인정
511,20100825,A041550,"기업의 계속성, 경영의 투명성 또는 기타 코스닥시장의 건전성 등을 종합적으로 고려하여 상장폐지 기준에 해당한다고 결정"
512,20100730,A012580,최종부도발생
513,20100722,A018890,"기업의 계속성, 경영의 투명성 또는 기타 코스닥시장의  건전성 등을 종합적으로 고려하여 상장폐지 기준에 해당한다고 결정"
514,20100722,A011050,감사의견 의견거절
515,20100721,A047710,"기업의 계속성, 경영의 투명성 또는 기타 코스닥시장의 건전성 등을 종합적으로 고려하여 상장폐지 기준에 해당한다고 결정"
516,20100716,A035830,"기업의 계속성, 경영의 투명성 또는 기타 코스닥시장의 건전성 등을 종합적으로 고려하여 상장폐지 기준에 해당한다고 결정"
517,20100716,A114410,해산 사유 발생
518,20100714,A036850,피흡수합병
519,20100714,A027840,해산 사유 발생
520,20100713,A084240,신청에 의한 상장폐지
521,20100629,A066300,"기업의 계속성, 경영의 투명성 또는 기타 코스닥시장의 건전성 등을 종합적으로 고려하여 상장폐지 기준에 해당한다고 결정"
522,20100629,A066930,상장폐지신청('10.06.01)
523,20100617,A068770,"기업의 계속성, 경영의 투명성 또는 기타 코스닥시장의 건전성 등을 종합적으로 고려하여 상장폐지 기준에 해당한다고 결정"
524,20100617,A023670,"기업의 계속성, 경영의 투명성 또는 기타 코스닥시장의 건전성 등을 종합적으로 고려하여 상장폐지 기준에 해당한다고 결정"
525,20100520,A011400,최종부도발생
526,20100519,A067850,당해 코스닥시장상장법인의 계속성 및 경영의 투명성 등을 종합적으로 고려한 결과 상장폐지기준에 해당한다고 결정
527,20100513,A007490,감사의견 의견거절
528,20100513,A018410,감사의견 의견거절
529,20100508,A085990,감사의견거절(감사범위제한)
530,20100508,A041320,감사의견거절(감사범위제한)
531,20100508,A030390,감사의견거절(감사범위제한 및 계속기업 존속 불확실)
532,20100508,A074140,감사범위제한으로 인한 의견거절
533,20100508,A053470,감사범위제한으로 인한 감사의견 거절
534,20100508,A041630,감사범위제한으로 인한 의견거절
535,20100508,A057100,감사의견거절(감사범위제한)
536,20100508,A058480,감사범위제한으로 인한 감사의견거절
537,20100505,A041030,감사범위제한으로 인한 감사의견 거절
538,20100505,A065410,감사의견거절(감사범위제한 및 계속기업 존속 불확실)
539,20100503,A012090,감사의견 의견거절
540,20100503,A024870,감사의견 의견거절
541,20100503,A069470,감사의견 의견거절
542,20100501,A035710,감사범위제한으로 인한 감사의견거절
543,20100501,A037110,감사의견거절(감사범위제한)
544,20100501,A078670,감사의견거절(감사범위제한 및 계속기업 존속 불확실)
545,20100501,A020070,감사범위제한 및 계속기업존속능력에 대한 불확실성으로 인한 감사의견거절
546,20100423,A002540,감사의견 의견거절
547,20100423,A076090,감사의견거절(감사범위제한)
548,20100423,A045290,사업보고서 법정제출기한 익일부터 10일이내 미제출
549,20100423,A033190,사업보고서 법정제출기한 익일부터 10일이내 미제출
550,20100421,A012420,해산 사유 발생
551,20100421,A053440,상장폐지신청('10.3.29)
552,20100420,A048130,최종부도 발생
553,20100417,A033260,최종부도 발생
554,20100417,A038690,감사의견거절(감사범위제한)
555,20100415,A001600,자본전액잠식
556,20100415,A065340,감사의견거절(감사범위제한)
557,20100415,A017300,자본전액잠식
558,20100415,A034660,감사범위제한으로 인한 감사의견 거절
559,20100415,A004820,자본전액잠식
560,20100414,A108070,해산 사유 발생
561,20100413,A008340,자본전액잠식
562,20100413,A051810,최근 3사업연도 연속 자기자본 50%초과 법인세비용차감전 계속사업손실 등
563,20100413,A079560,최근 3사업연도 연속 자기자본 대비 50% 초과 법인세 비용차감전계속사업손실 발생
564,20100413,A064060,자본전액잠식
565,20100413,A046350,최근 3사업연도 연속 자기자본 대비 50% 초과 법인세 비용차감전계속사업손실 발생
566,20100413,A060670,자본전액잠식
567,20100413,A032030,자본전액잠식
568,20100413,A015170,자본전액잠식
569,20100410,A045880,기업의 계속성 및 경영의 투명성 등을 종합적으로 고려하여 상장폐지가 필요하다고 인정
570,20100405,A017050,"기업의 계속성, 경영의 투명성 또는 기타 코스닥시장의 건전성 등을 종합적으로 고려하여 상장폐지가 필요하다고 인정 "
571,20100403,A054020,최종부도
572,20100401,A084810,당해 코스닥시장상장법인의 계속성 및 경영의 투명성 등을 종합적으로 고려한 결과 상장폐지기준에 해당한다고 결정
573,20100326,A017010,- 주된 영업이 정지되어 코스닥시장상장규정 제38조제2항제1호(삭제 ‘09.12.2)의 상장폐지기준 해당 / 기업의 계속성 및 경영의 투명성 등을 종합적으로 고려한 결과 코스닥시장상장규정 제38조제2항제5호라목(신설 ‘09.12.2)의 상장폐지기준 해당 
574,20100311,A008320,감사의견 의견거절
575,20100309,A015050,"기업의 계속성, 경영의 투명성 또는 기타 코스닥시장의 건전성 등을 종합적으로 고려하여 상장폐지가 필요하다고 인정"
576,20100309,A041800,"기업의 계속성, 경영의 투명성 또는 기타 코스닥시장의 건전성 등을 종합적으로 고려하여 상장폐지가 필요하다고 인정"
577,20100309,A056850,"기업의 계속성, 경영의 투명성 또는 기타 코스닥시장의 건전성 등을 종합적으로 고려하여 상장폐지가 필요하다고 인정"
578,20100227,A078700,시가총액 40억원 미달
579,20100220,A031960,"기업의 계속성, 경영의 투명성 또는 기타 코스닥시장의 건전성 등을 종합적으로 고려하여 상장폐지기준에 해당한다고 결정"
580,20100220,A067950,당해 코스닥시장상장법인의 계속성 및 경영의 투명성 등을 종합적으로 고려한 결과 상장폐지기준에 해당한다고 결정
581,20100211,A045400,"정기보고서 미제출로 관리종목 지정후 법정제출기한내 사업보고서 미제출, 2회 연속 정기주주총회 미개최 또는 재무제표 미승인, 자본전액잠식 "
582,20100209,A037830,"기업의 계속성, 경영의 투명성 또는 기타 코스닥시장의 건전성 등을 종합적으로 고려하여 상장폐지가 필요하다고 인정"
583,20100202,A080140,자본잠식률 50%이상사유로 관리종목지정후 반기 감사의견 부적정
584,20100129,A047940,당해 코스닥시장상장법인의 계속성 및 경영의 투명성 등을 종합적으로 고려한 결과 상장폐지기준에 해당한다고 결정
585,20100126,A037510,자본시장과금융투자업에관한법률 제202조제1항에 의한 해산사유에 해당하는 경우
586,20100120,A083120,신청에 의한 상장폐지
587,20100120,A000610,해산 사유 발생
588,20100115,A015940,해산 사유 발생
589,20100115,A045820,해산 사유 발생
590,20091223,A062730,회생절차폐지결정사유 및 당해 코스닥시장상장법인의 계속기업 가능성 유무를 고려한 결과  상장폐지기준에 해당한다고 결정
591,20091209,A045380,피흡수합병
592,20091125,A085680,"기업의 계속성, 경영의 투명성 또는 기타 코스닥시장의 건전성 등을 종합적으로 고려하여 상장폐지가 필요하다고 인정"
593,20091120,A036660,감사범위 제한에 따른 감사의견 거절
594,20091106,A014420,주된 영업의 정지에 의한 상장폐지기준 해당
595,20091103,A051530,주된 영업의 정지에 의한 상장폐지기준 해당
596,20091103,A035010,최근 사업연도의 재무제표에 대한 감사인의 감사의견거절
597,20091016,A092970,신청에 의한 상장폐지
598,20091015,A001950,자본잠식(자본금의 50/100이상 잠식) 2년 계속
599,20091009,A076850,해산 사유 발생
600,20091007,A066850,자본잠식률 50%이상으로 관리종목 지정 후 반기 재무제표에 대한 감사의견 거절
601,20091007,A044770,"자본전액잠식, 2반기 연속 자본잠식률 50%이상, 2반기 연속 자기자본 10억원 미만"
602,20091007,A052640,"기업의 계속성, 경영의 투명성 또는 기타 코스닥시장의 건전성 등을 종합적으로 고려하여 상장폐지가 필요하다고 인정"
603,20090923,A073710,상장폐지신청(2009.08.31)
604,20090918,A032570,발행한 어음 또는 수표가 주거래은행에 의하여 최종부도로 결정되거나 거래은행에 의한 거래 정지
605,20090915,A058550,자본잠식률 50%이상 및 자기자본 10억원 미만으로 관리종목 지정 후 반기의 재무제표에 대한 감사의견 거절
606,20090904,A054650,반기보고서 법정제출기한 익일부터 10일이내 반기검토(감사)보고서 미제출
607,20090904,A033880," - 2회연속 자본잠식률 50% 이상
  - 2009.3.31 자본잠식률 50% 이상으로 관리종목 지정 후,
  최근 반기의 재무제표에 대한 감사인의 감사의견 거절"
608,20090904,A035500,"-2회연속 자본잠식률 50%이상
 -2회연속 자기자본 10억원미만
 -자본잠식률 50%이상 및 자기자본 10억원미만으로 관리종목 지정후 최근 반기 재무제표에 대한 외부감사인의 감사의견 의견거절"
609,20090828,A046320,2회연속 자본잠식률 50%이상 및 자기자본 10억원 미만
610,20090825,A044070,피흡수합병
611,20090821,A035950,감사범위제한으로 인한 감사의견거절 및 계속기업 불확실성으로 인한 감사의견거절 사유해소 확인서 미제출
612,20090817,A001370,해산 사유 발생
613,20090808,A038830,"기업의 계속성, 경영의 투명성 또는 기타 코스닥시장의 건전성 등을 종합적으로 고려하여 상장폐지가 필요하다고 인정"
614,20090716,A016990,피흡수합병
615,20090716,A042100,해산 사유 발생
616,20090715,A006210,자본잠식(자본금의 50/100이상 잠식) 2년 계속
617,20090708,A063280,"기업의 계속성, 경영의 투명성 또는 기타 코스닥시장의 건전성 등을 종합적으로 고려하여 상장폐지가 필요하다고 인정"
618,20090701,A031800,"기업의 계속성, 경영의 투명성 또는 기타 코스닥시장의 건전성 등을 종합적으로 고려하여 상장폐지가 필요하다고 인정"
619,20090701,A052560,"기업의 계속성, 경영의 투명성 또는 기타 코스닥시장의 건전성 등을 종합적으로 고려하여 상장폐지가 필요하다고 인정"
620,20090624,A079340,"기업의 계속성, 경영의 투명성 또는 기타 코스닥시장의 건전성 등을 종합적으로 고려하여 상장폐지가 필요하다고 인정"
621,20090623,A032390,해산 사유 발생
622,20090617,A036610,"기업의 계속성, 경영의 투명성 또는 기타 코스닥시장의 건전성 등을 종합적으로 고려하여 상장폐지가 필요하다고 인정"
623,20090617,A036270,"기업의 계속성, 경영의 투명성 또는 기타 코스닥시장의 건전성 등을 종합적으로 고려하여 상장폐지가 필요하다고 인정"
624,20090610,A039990,"기업의 계속성, 경영의 투명성 또는 기타 코스닥시장의 건전성 등을 종합적으로 고려하여 상장폐지가 필요하다고 인정"
625,20090603,A053070,"기업의 계속성, 경영의 투명성 또는 기타 코스닥시장의 건전성 등을 종합적으로 고려하여 상장폐지가 필요하다고 인정"
626,20090529,A038920,"기업의 계속성, 경영의 투명성 또는 기타 코스닥시장의 건전성 등을 종합적으로 고려하여 상장폐지가 필요하다고 인정"
627,20090527,A040020,자본전액잠식
628,20090527,A059720,감사의견거절(감사범위제한)
629,20090515,A033720,감사의견거절(계속기업으로서의 존속능력에 대한 불확실성)
630,20090515,A036790,감사의견거절(계속기업 존속 불확실성)
631,20090513,A008400,감사의견 의견거절
632,20090513,A006070,감사의견 의견거절
633,20090513,A000790,감사의견 의견거절
634,20090513,A013200,감사의견 의견거절
635,20090513,A001970,감사의견 의견거절
636,20090513,A009690,감사의견 의견거절
637,20090504,A048270,자본전액잠식
638,20090430,A003990,감사의견 의견거절
639,20090430,A004230,감사의견 의견거절
640,20090430,A053170,자본전액잠식
641,20090429,A036360,감사의견거절(감사범위제한)
642,20090429,A080570,감사의견거절(감사범위제한)
643,20090429,A026230,감사범위 제한에 따른 감사의견 거절
644,20090429,A071360,감사의견거절(감사범위제한)
645,20090429,A081500,감사의견거절(감사범위제한)
646,20090429,A077960,감사의견거절(감사범위제한)
647,20090429,A056020,감사의견거절(감사범위제한)
648,20090429,A025460,감사범위 제한에 따른 감사의견 거절
649,20090427,A001190,공시서류 미제출(사업보고서) 후 10일이내 미제출
650,20090424,A036280,"기업의 계속성, 경영의 투명성 또는 기타 코스닥시장의 건전성 등을 종합적으로 고려하여 상장폐지가 필요하다고 인정"
651,20090423,A052310,3회 연속 자기자본 50%초과 법인세비용차감전계속사업손실
652,20090423,A036760,"감사의견거절(감사범위제한), 법정제출기한까지 사업보고서를 제출하지 아니한 후 법정제출기한의 다음날부터 10일 이내에 사업보고서 미제출  "
653,20090423,A041310,자본전액잠식
654,20090423,A038410,법정제출기한까지 사업보고서를 제출하지 아니한 후 법정제출기한의 다음날부터 10일 이내에 사업보고서 미제출
655,20090423,A019640,자본전액잠식
656,20090422,A076170,감사의견 의견거절
657,20090420,A016890,피흡수합병
658,20090418,A065910,감사의견거절(감사범위제한) 
659,20090415,A007050,최종부도발생
660,20090413,A103160,지주회사의 완전자회사화(지주회사 신규상장)
661,20090411,A078610,자본전액잠식
662,20090411,A016040,자본전액잠식
663,20090411,A053890,자본전액잠식
664,20090411,A079870,자본전액잠식
665,20090411,A047370,자본전액잠식
666,20090411,A060550,자본전액잠식
667,20090411,A066200,"2년연속 매출액 30억원 미달, 자본전액잠식"
668,20090411,A073780,2회 연속 자본잠식률 50%이상
669,20090411,A038810,자본전액잠식
670,20090313,A093730,신청에 의한 상장폐지
671,20090219,A005760,감사의견 의견거절
672,20090203,A007640,상장폐지신청(2009.01.12)
673,20090203,A072430,상장폐지신청(2009.01.12)
674,20081220,A039060,최종부도
675,20081208,A083160,존속기간 만료
676,20081105,A089170,신청에 의한 상장폐지
677,20081105,A089180,신청에 의한 상장폐지
678,20081105,A089190,신청에 의한 상장폐지
679,20081105,A089200,신청에 의한 상장폐지
680,20081010,A060000,지주회사의 완전자회사화(지주회사 신규상장)
681,20080909,A050600,2회연속 자본잠식률 50%이상
682,20080825,A088510,해산 사유 발생
683,20080825,A060410,2연속 자본잠식률 50%이상 및 자기자본 10억원 미만
684,20080820,A003660,해산 사유 발생
685,20080808,A073530,해산 사유 발생
686,20080804,A073470,해산 사유 발생
687,20080712,A034750,2분기 연속 거래실적부진사유 미해소
688,20080613,A045760,감사의견거절(감사범위제한)
689,20080503,A033330,감사의견거절(감사범위제한)
690,20080503,A055970,감사의견거절(감사범위제한)
691,20080503,A044370,감사의견거절(감사범위제한)
692,20080503,A060660,감사의견거절(감사범위제한)
693,20080423,A035270,"법정제출기한까지 사업보고서를 제출하지 아니한 후
법정제출기한의 다음날부터 10일 이내에 사업보고서
미제출"
694,20080423,A057330,"최근 3사업연도 연속 자기자본 대비 50% 초과 법인세
비용차감전계속사업손실 발생"
695,20080423,A041940,2연속 자본잠식률 50% 이상
696,20080422,A004530,감사의견 의견거절
697,20080418,A072450,존속기간 만료
698,20080417,A065810,"자본전액잠식, 2회연속 자본잠식률 50%이상, 2회연속 자기자본 10억원 미만"
699,20080412,A064720,"자본전액잠식,최근3사업연도 연속
자기자본 대비 50%초과 법인세차감전계속사업손실"
700,20080412,A066330,2연속 자본잠식률 50%이상 및 자기자본 10억원 미만
701,20080412,A032590,자본전액잠식
702,20080412,A042570,자본전액잠식
703,20080410,A058680,피흡수합병
704,20080313,A012460,최종부도
705,20071115,A012990,해산 사유 발생
706,20071010,A032710,지주회사의 완전자회사화(지주회사 신규상장)
707,20070912,A015670,감사의견 의견거절
708,20070829,A038420,2회연속 자본잠식률 50% 이상 및 자기자본 10억원 미만
709,20070620,A005330,해산 사유 발생
710,20070615,A011020,해산 사유 발생
711,20070521,A001830,해산 사유 발생
712,20070510,A067910,해산 사유 발생
713,20070508,A045310,자본전액잠식
714,20070425,A014900,자본전액잠식
715,20070425,A063350,자본전액잠식
716,20070425,A025930,자본전액잠식
717,20070425,A025830,감사의견 부적정
718,20070424,A054790,감사의견거절
719,20070413,A054440,자본전액잠식
720,20070411,A054250,"감사의견거절, 자본전액잠식, 2년 연속 자본잠식률 50% 이상"
721,20070404,A037060,재감사보고서상 감사의견거절
722,20070126,A085450,해산 사유 발생
723,20061228,A064900,존속기간 만료
724,20061122,A006600,해산 사유 발생
725,20061121,A003040,해산 사유 발생
726,20061026,A003330,지주회사의 완전자회사화(지주회사 신규상장)
727,20060722,A048760,최종부도
728,20060721,A063510,해산 사유 발생
729,20060713,A016970,감사의견 의견거절
730,20060713,A047420,감사의견 범위제한 의견거절
731,20060425,A041500,2사업연도 연속 매출액 30억원 미달(상장폐지사유일 : 2006년 04월 10일)
732,20060425,A066480,감사의견거절(상장폐지사유발생일 : 2006년 4월 10일)
733,20060420,A049370,피흡수합병
734,20060415,A039110,2사업연도 연속 매출액 30억원 미달(상장폐지사유 발생일 : 2006년 03월 31일)
735,20060408,A056060,감사범위제한으로 인한 의견거절(상장폐지사유 발생일 : 2006년 03월 27일)
736,20051231,A023420,피흡수합병
737,20051228,A014010,감사의견 의견거절
738,20051224,A019560,상장폐지신청(2005.12.21)
739,20051212,A002860,지주회사의 완전자회사화(지주회사 신규상장)
740,20051109,A039870,상장폐지신청(2005.10.14)
741,20051022,A057110,"최근사업연도말 현재 자본잠식률 100분의50이상의 사유로
관리종목지정된 후, 최근 반기말기준으로 감사의견거절 및
반기말 자본잠식률이 100분의 50 이상"
742,20051013,A021570,최종부도(상장폐지사유 발생일 : 2005년 09월 27일)
743,20050915,A070540,해산 사유 발생
744,20050910,A038980,최근사업연도말 기준 자본잠식률 100분의 50이상의 사유로 관리종목지정 후 법정제출기한 다음날로부터 10일이내 반기보고서 미제출
745,20050831,A037030,"최근사업연도말 현재 자본잠식률 100분의50이상의 사유로
관리종목지정 후 최근 반기말 현재 자본잠식률이 100분의 50이상 "
746,20050817,A009080,해산 사유 발생
747,20050813,A055810,최종부도(상장폐지사유 발생일 : 2005년 07월 29일)
748,20050805,A001580,감사의견 의견거절
749,20050718,A006250,보통주 거래량요건 미충족(월평균거래량 1/100미만) 2분기 계속
750,20050616,A008270,신청에 의한 상장폐지
751,20050604,A042950,존립기간의 만료
752,20050602,A008030,최종부도(상장폐지사유 발생일 : 2005년 05월 02일)
753,20050525,A032180,상장폐지신청(2005.04.28)
754,20050518,A013890,자본전액잠식
755,20050511,A038960,최종부도(상장폐지사유 발생일 : 2005년 04월 25일)
756,20050504,A033220,주식분산기준 미달 2년 연속
757,20050504,A002480,주식분산기준 미달 2년 연속
758,20050430,A046810,경상손실 및 시가총액 50억원 미달 2회 연속(상장폐지사유 발생일 : 2005년 4월 15일)
759,20050430,A030950,경상손실 및 시가총액 50억원 미달 2회 연속(상장폐지사유 발생일 : 2005년 4월 15일)
760,20050428,A001670,회사정리절차 법인의 상장적격성 불인정
761,20050428,A009940,자본전액잠식
762,20050428,A008120,자본전액잠식
763,20050426,A044440,감사의견거절(상장폐지사유 발생일 : 2005년 04월 11일)
764,20050426,A032050,자본전액잠식(상장폐지사유 발생일 : 2005년 04월 11일)
765,20050423,A036900,감사의견거절
766,20050422,A000110,신청에 의한 상장폐지
767,20050421,A036820,감사범위제한 한정(상장폐지사유 발생일 : 2005년 03월 21일)
768,20050421,A009890,자본전액잠식
769,20050421,A032610,감사의견거절(상장폐지사유 발생일 : 2005년 04월 06일)
770,20050420,A049130,감사의견거절(상장폐지사유 발생일 : 2005년 03월 21일)
771,20050419,A009760,보통주 주식분포요건 미충족(일반주주 주식수 10/100미만) 2년 계속
772,20050416,A036590,자본전액잠식(상장폐지사유발생일 : 2005년 03월 31일)
773,20050415,A009360,감사의견 의견거절
774,20050415,A012250,감사의견 의견거절
775,20050414,A006750,감사의견 의견거절
776,20050413,A042960,감사의견거절(상장폐지사유 발생일 : 2005년 03월 28일)
777,20050412,A054370,감사의견거절(상장폐지사유 발생일 : 2005년 03월 26일)
778,20050409,A037220,최종부도(상장폐지사유 발생일 : 2005년 03월 24일)
779,20050408,A038100,감사의견거절(상장폐지사유 발생일 : 2005년 03월 23일)
780,20050408,A006150,회사정리절차 개시 신청
781,20050407,A018180,감사의견거절(상장폐지사유 발생일 : 2005년 03월 22일)
782,20050405,A037650,감사의견거절(상장폐지사유 발생일 : 2005년 03월 21일)
783,20050405,A056500,감사의견거절(상장폐지사유 발생일 : 2005년 03월 22일)
784,20050402,A053250,감사의견거절(상장폐지사유 발생일 : 2005년 03월 19일)
785,20050402,A036600,감사의견거절(상장폐지사유 발생일 : 2005년 03월 18일)
786,20050402,A036020,감사의견 부적정(상장폐지사유 발생일 : 2005년 03월 21일)
787,20050331,A036880,감사의견거절(상장폐지사유 발생일 : 2005년 03월 16일)
788,20050330,A004660,신청에 의한 상장폐지
789,20050330,A054080,감사의견거절(상장폐지사유 발생일 : 2005년 03월 15일
790,20050312,A025690,감사의견거절(상장폐지사유 발생일 : 2005년 02월 24일)
791,20050224,A037500,간접투자자산운용업법 제110조(구 증권투자회사법 제64조)에 의한 해산사유발생
792,20050224,A007910,신청에 의한 상장폐지
793,20050124,A037640,최종부도(등록취소사유발생일 : 2005년 1월 7일)
794,20050119,A009220,액면가액일정비율미만(취소사유발생일 : 2005년 01월 04일)
795,20050119,A035910,최종부도(등록취소사유발생일: 2005년 1월 4일)
796,20050111,A035780,액면가액일정비율미만(취소사유발생일 : 2004년 12월 24일)
797,20050106,A005600,최종부도발생
798,20050105,A008670,지주회사의 완전자회사화(지주회사 신규상장)
799,20041231,A007830,자진등록취소
800,20041222,A003050,신청에 의한 상장폐지
801,20041220,A033020,자진등록취소
802,20041206,A043790,자진등록취소
803,20041105,A026970,액면가액일정비율미만(취소사유발생일 : 2004년 10월 21일)
804,20041026,A001890,최종부도발생
805,20041022,A001490,자본전액잠식
806,20041021,A000380,피흡수합병(합병기일 : '04.9.22)
807,20041021,A037120,감사의견 거절(취소사유발생일 : 2004년 9월 30일)
808,20041018,A010200,해산 사유 발생
809,20041016,A043690,최종부도(취소사유발생일: 2004년 10월 1일)
810,20041007,A025450,감사의견부적정(취소사유발생일 : 2004년 9월 17일) 
811,20041001,A036060,존속기간 만료
812,20040902,A001590,보통주 시가총액미달
813,20040818,A048540,액면가액일정비율미만(취소사유발생일 : 2004년 8월 3일)
814,20040814,A047060,거래실적부진(취소사유발생일 : 2004년 7월 30일)
815,20040811,A046000,감사의견부적정(취소사유발생일 : 2004년 3월 27일) 
816,20040810,A027350,최종부도(취소사유발생일: 2004년 7월 26일)
817,20040722,A010730,최종부도발생
818,20040721,A003590,감사의견 부적정
819,20040716,A012760,최종부도발생
820,20040713,A016830,신청에 의한 상장폐지
821,20040702,A000010,지주회사의 완전자회사화(지주회사 신규상장)
822,20040629,A003930,감사의견 의견거절
823,20040624,A001280,지주회사의 완전자회사화(지주회사 신규상장)
824,20040618,A027700,"액면가액일정비율(30%)미달로 인한 관리종목지정후
90일(매매일기준)간의 기간이 경과하는 동안에 종가가
동 비율이상인 일수가 30일이상일 것을 충족하지 아니함
(취소사유발생일 : 2004년 6월 3일) "
825,20040612,A035870,최종부도(취소사유발생일 : 2004년 5월 28일)  
826,20040601,A036910,"회사정리절차 개시신청
(취소사유발생일 : 2004년 5월 3일) "
827,20040528,A003020,보통주 시가총액미달
828,20040522,A001980,최종부도발생
829,20040511,A037250,최종부도(취소사유발생일 : 2004년 4월 23일)
830,20040510,A002950,해산 사유 발생
831,20040508,A002930,감사의견 의견거절
832,20040429,A048150,최종부도(취소사유발생일 : 2004년 4월 13일) 
833,20040428,A004510,영업활동정지 6월 계속
834,20040424,A010090,자본전액잠식
835,20040423,A002850,감사의견 의견거절
836,20040423,A010150,감사의견 의견거절
837,20040422,A037730,자본전액잠식(취소사유발생일 : 2004년 4월 6일) 
838,20040422,A038050,감사의견거절(취소사유발생일 : 2004년 3월 30일)
839,20040414,A027440,감사의견거절(취소사유발생일 : 2004년 3월 29일) 
840,20040413,A039000,감사의견거절(취소사유발생일 : '04.3.26)
841,20040413,A037750,감사의견거절(취소사유발생일 : '04.3.29)
842,20040409,A039390,감사의견거절(취소사유발생일 : 2004년 3월 24일)
843,20040408,A037010,감사의견거절(취소사유발생일 : 2004년 3월 23일)   
844,20040408,A047610,감사의견거절(취소사유발생일 : 2004년 3월 23일)     
845,20040408,A036720,감사의견거절(취소사유발생일 : 2004년 3월 23일)
846,20040407,A035960,감사의견거절(취소사유발생일:2004년 3월 22일)     
847,20040407,A031970,감사의견거절(취소사유발생일:2004년 3월 22일)
848,20040407,A039580,감사의견거절(취소사유발생일:2004년 3월 22일)
849,20040403,A055000,감사의견거절(취소사유발생일 : 2004년 3월 19일)
850,20040403,A053200,감사의견거절(취소사유발생일 : 2004년 3월 22일)  
851,20040403,A054530,감사의견거절(취소사유발생일 : 2004년 3월 20일)
852,20040403,A040130,감사의견거절(취소사유발생일 : 2004년 3월 20일)
853,20040331,A033210,감사의견거절(취소사유발생일 : 2004년 3월 15일)
854,20040331,A004190,감사의견 의견거절
855,20040330,A056140,감사의견거절(취소사유발생일 : 2004년 3월 15일)
856,20040324,A037600,감사의견거절(취소사유발생일:2004년 3월 9일)
857,20040316,A038400,해산 사유 발생
858,20040311,A003900,감사의견 의견거절
859,20040308,A052540,증권투자회사법 제64조에 의한 해산사유 발생
860,20040212,A019930,화의절차 개시 신청 각하
861,20040207,A022610,자진등록취소
862,20040124,A018590,최종부도발생
863,20040105,A067700,증권투자회사법 제64조에 의한 해산사유 발생
864,20031227,A008750,보통주 시가총액 미달(25억미만 30일 계속) 후 60일간 25억미만 연속10일 이상
865,20031220,A021090,자진등록취소
866,20031118,A018020,보통주 주가수준 미달(액면가 20/100미만 30일 계속) 후 60일간 20/100미만 연속 10일 이상
867,20031108,A008780,액면가액일정비율 미달
868,20031105,A010510,해산 사유 발생
869,20031030,A032600,자본전액잠식(2년)
870,20031023,A012270,보통주 주가수준 미달(액면가 20/100미만 30일 계속) 후 60일간 20/100미만 연속 10일 이상
871,20031017,A045920,"최종부도 및 은행거래정지
(취소사유발생일: '03.10.1)"
872,20031015,A000980,신청에 의한 상장폐지
873,20031015,A032150,2사업년도 연속 자본잠식률 50% 이상(취소사유 발생일 : '03.9.29)
874,20031010,A031150,피흡수 합병 (합병기일 : '03.9.30)
875,20031002,A001150,최종부도발생
876,20031002,A012720,보통주 주가수준 미달(액면가 20/100미만 30일 계속) 후 60일간 20/100미만 연속 10일 이상
877,20031002,A009790,보통주 주가수준 미달(액면가 20/100미만 30일 계속) 후 60일간 20/100미만 연속 10일 이상
878,20030924,A003980,보통주 주가수준 미달(액면가 20/100미만 30일 계속) 후 60일간 20/100미만 연속 10일 이상
879,20030919,A035430,액면가액일정비율미달
880,20030721,A005890,지주회사의 완전자회사화(지주회사 신규상장)
881,20030704,A046930,피흡수합병 (합병기일: '03.7.1)
882,20030619,A037200,"최종부도 및 은행거래정지
(취소사유발생일: 2003년 6월 3일)"
883,20030611,A045280,증권투자회사법 제64조에 의한 해산사유 발생
884,20030523,A045550,증권투자회사법 제64조에 의한 해산사유 발생
885,20030523,A045070,증권투자회사법 제64조에 의한 해산사유 발생
886,20030516,A011840,최종부도발생
887,20030510,A002050,감사의견 의견거절
888,20030508,A067410,증권투자회사법 제64조에 의한 해산사유 발생
889,20030430,A034980,"최종부도 및 은행거래정지
(취소사유발생일 : 2003년 4월 15일)"
890,20030425,A032780,"사업보고서 미제출
(취소사유발생일 : 2003년 4월 10일)"
891,20030424,A005560,자본전액잠식 2년 계속
892,20030424,A040750,감사의견 거절(취소사유발생일: '03.4.9)
893,20030416,A009840,감사의견 의견거절
894,20030416,A006610,보통주 주식분포요건 미충족 2년 계속
895,20030416,A005770,보통주 주식분포요건 미충족 2년 계속
896,20030416,A010330,자본전액잠식 2년 계속
897,20030416,A037410,"감사의견거절 및 최종부도
(취소사유발생일 : 2003년 4월 1일)"
898,20030415,A053960,감사의견거절(취소사유발생일: 2003년 4월 1일)
899,20030415,A034970,감사의견거절(취소사유발생일 : 2003년 3월 31일)
900,20030411,A020860,감사의견거절(취소사유발생일 : 2003년 3월 27일)
901,20030405,A039370,증권투자회사법 제64조의 규정에 의한 해산사유의 발생
902,20030405,A027890,감사의견부적정(취소사유발생일:2003년 3월 21일)
903,20030404,A045240,감사의견거절(취소사유발생일:2003년 3월 20일)
904,20030402,A060840,"감사의견거절
(취소사유발생일 : 2003년 3월 18일)"
905,20030329,A037280,"최종부도 및 은행거래정지
(취소사유발생일 : 2003년 3월 14일)"
906,20030311,A002610,해산 사유 발생
907,20030307,A038520,"최종부도 및 은행거래정지
(취소사유발생일: 2003.2.20)"
908,20030121,A051990,증권투자회사법 제64조의 규정에 의한 해산사유의 발생
909,20030110,A038370,증권투자회사법 제64조의 규정에 의한 해산사유의 발생
910,20030110,A038280,증권투자회사법 제64조의 규정에 의한 해산사유의 발생
911,20030110,A000080,감사의견 의견거절
912,20021221,A030970,액면가액일정비율 미달로 연속하여 10일간 지속
913,20021213,A007360,해산 사유 발생
914,20021205,A022220,최종부도 및 은행거래정지
915,20021129,A014040,회사정리절차 폐지 결정
916,20021128,A049790,최종부도 및 은행거래정지
917,20021127,A064910,증권투자회사법 제64조의 규정에 의한 해산사유의 발생
918,20021126,A033040,"신고,공시의무를 위반하여 투자유의종목으로 지정된 후 1년이내에 불성실공시법인으로 지정 및 최근 2년간 3회 이상 불성실공시법인으로 지정"
919,20021116,A042470,최종부도 및 은행거래정지
920,20021114,A017210,최종부도 및 은행거래정지
921,20021024,A021740,피흡수합병
922,20021022,A009330,감사의견 의견거절
923,20021018,A040780,최종부도 및 은행거래정지
924,20021017,A024080,최근 2년간 3회이상 불성실공시법인으로 지정
925,20021011,A020490,최종부도 및 은행거래정지
926,20021004,A013250,해산 사유 발생
927,20020914,A060580,증권투자회사법 제64조의 규정에 의한 해산사유 발생
928,20020819,A063680,증권투자회사법 제64조의 규정에 의한 해산사유 발생
929,20020810,A001030,감사의견 의견거절
930,20020731,A022780,감사범위 제한으로 인한 한정의견
931,20020719,A021930,피흡수합병
932,20020708,A037740,최종부도 및 은행거래정지
933,20020703,A058910,증권투자회사법 64조에 의한 해산사유 발생
934,20020607,A044570,감사의견거절 및 법정제출기한 익일로부터 30일이내에 사업보고서 미제출
935,20020521,A066030,증권투자회사법 64조에 의한 해산사유 발생
936,20020521,A018570,자본전액잠식 2년 계속
937,20020518,A035030,증권투자회사법 64조에 의한 해산사유 발생
938,20020503,A027560,기타 등록취소
939,20020430,A003260,자본전액잠식 2년 계속
940,20020427,A001110,자본전액잠식 2년 계속
941,20020427,A004110,자본전액잠식 2년 계속
942,20020427,A004420,자본전액잠식 2년 계속
943,20020427,A018360,감사의견 의견거절
944,20020427,A001780,감사의견 의견거절
945,20020427,A000030,신청에 의한 상장폐지
946,20020427,A013090,감사의견 의견거절
947,20020427,A012670,자본전액잠식 2년 계속
948,20020423,A006290,감사의견 의견거절
949,20020423,A053530,증권투자회사법 64조에 의한 해산사유 발생
950,20020423,A052520,증권투자회사법 64조에 의한 해산사유 발생
951,20020423,A008440,감사의견 의견거절
952,20020420,A002470,감사의견 부적정
953,20020420,A002580,감사의견 부적정
954,20020420,A011510,감사의견 의견거절
955,20020420,A013630,기타 등록취소
956,20020419,A005060,감사의견 의견거절
957,20020419,A003110,감사의견 의견거절
958,20020419,A008480,감사의견 의견거절
959,20020419,A016550,감사의견 의견거절
960,20020419,A001920,감사의견 의견거절
961,20020418,A033070,최종부도 또는 당좌거래정지(1년)
962,20020413,A007410,감사의견 의견거절
963,20020413,A004390,감사의견 부적정
964,20020412,A004460,감사의견 부적정
965,20020403,A012260,감사의견 의견거절
966,20020329,A002180,감사의견 의견거절
967,20020328,A052530,증권투자회사법 64조에 의한 해산사유 발생
968,20020315,A039500,피흡수합병
969,20020220,A008530,해산 사유 발생
970,20020123,A051960,증권투자회사법 64조에 의한 해산사유 발생
971,20020123,A025840,감사의견 의견거절 2년 계속
972,20020118,A004290,해산 사유 발생
973,20020118,A001690,해산 사유 발생
974,20011220,A008980,해산 사유 발생
975,20011205,A011450,신청에 의한 상장폐지
976,20011205,A002130,최종부도발생
977,20011121,A015150,기타 등록취소
978,20011119,A051070,증권투자회사법 64조에 의한 해산사유 발생
979,20011110,A000310,영업활동정지 6월 계속
980,20011109,A023130,해산 사유 발생
981,20011109,A027460,해산 사유 발생
982,20011030,A050350,증권투자회사법 64조에 의한 해산사유 발생
983,20011016,A049850,증권투자회사법 64조에 의한 해산사유 발생
984,20011013,A007420,해산 사유 발생
985,20010922,A015880,회사정리절차 폐지 결정
986,20010913,A023780,기타 등록취소
987,20010911,A049990,증권투자회사법 64조에 의한 해산사유 발생
988,20010910,A015580,해산 사유 발생
989,20010910,A003320,해산 사유 발생
990,20010824,A025080,자본전액잠식(2년)
991,20010814,A048660,증권투자회사법 64조에 의한 해산사유 발생
992,20010807,A035930,증권투자회사법 64조에 의한 해산사유 발생
993,20010728,A030710,해산 사유 발생
994,20010716,A015650,해산 사유 발생
995,20010710,A047890,증권투자회사법 64조에 의한 해산사유 발생
996,20010710,A017120,화의 불인가
997,20010707,A022870,거래실적부진
998,20010703,A046820,증권투자회사법 64조에 의한 해산사유 발생
999,20010619,A045800,증권투자회사법 64조에 의한 해산사유 발생
1000,20010619,A045790,증권투자회사법 64조에 의한 해산사유 발생
1001,20010619,A046520,증권투자회사법 64조에 의한 해산사유 발생
1002,20010619,A045870,기타 등록취소
1003,20010619,A044740,증권투자회사법 64조에 의한 해산사유 발생
1004,20010612,A045860,증권투자회사법 64조에 의한 해산사유 발생
1005,20010607,A000280,회사정리절차 폐지 결정
1006,20010605,A044890,증권투자회사법 64조에 의한 해산사유 발생
1007,20010529,A045080,증권투자회사법 64조에 의한 해산사유 발생
1008,20010525,A033300,자본전액잠식(2년)
1009,20010525,A017090,자본전액잠식(2년)
1010,20010523,A003810,자본잠식(자본금의 50/100이상 잠식) 2년 계속
1011,20010523,A000200,자본전액잠식 2년 계속
1012,20010521,A030700,피흡수합병
1013,20010518,A002740,해산 사유 발생
1014,20010508,A044400,증권투자회사법 64조에 의한 해산사유 발생
1015,20010508,A044750,증권투자회사법 64조에 의한 해산사유 발생
1016,20010508,A044240,증권투자회사법 64조에 의한 해산사유 발생
1017,20010502,A044410,증권투자회사법 64조에 의한 해산사유 발생
1018,20010426,A014080,공시서류 미제출(분기보고서) 후 차기보고서 미제출
1019,20010426,A017320,공시서류 미제출(반기보고서) 후 차기보고서 미제출
1020,20010424,A001400,회사정리절차 폐지 결정
1021,20010424,A043350,증권투자회사법 64조에 의한 해산사유 발생
1022,20010424,A043400,증권투자회사법 64조에 의한 해산사유 발생
1023,20010424,A043380,증권투자회사법 64조에 의한 해산사유 발생
1024,20010423,A015620,해산 사유 발생
1025,20010403,A042300,증권투자회사법 64조에 의한 해산사유 발생
1026,20010403,A042310,증권투자회사법 64조에 의한 해산사유 발생
1027,20010403,A043040,증권투자회사법 64조에 의한 해산사유 발생
1028,20010403,A043700,증권투자회사법 64조에 의한 해산사유 발생
1029,20010403,A042460,증권투자회사법 64조에 의한 해산사유 발생
1030,20010403,A045090,증권투자회사법 64조에 의한 해산사유 발생
1031,20010330,A009050,신청에 의한 상장폐지
1032,20010320,A011290,해산 사유 발생
1033,20010314,A034190,해산 사유 발생
1034,20010313,A040860,증권투자회사법 64조에 의한 해산사유 발생
1035,20010313,A040940,증권투자회사법 64조에 의한 해산사유 발생
1036,20010313,A040950,증권투자회사법 64조에 의한 해산사유 발생
1037,20010306,A039540,기타 등록취소
1038,20010227,A040260,증권투자회사법 64조에 의한 해산사유 발생
1039,20010227,A040270,증권투자회사법 64조에 의한 해산사유 발생
1040,20010227,A040380,증권투자회사법 64조에 의한 해산사유 발생
1041,20010220,A039220,증권투자회사법 64조에 의한 해산사유 발생
1042,20010220,A039210,증권투자회사법 64조에 의한 해산사유 발생
1043,20010210,A024960,해산 사유 발생
1044,20010210,A008990,해산 사유 발생
1045,20010210,A011260,해산 사유 발생
1046,20010210,A012710,해산 사유 발생
1047,20010207,A008690,회사정리절차 폐지 결정
1048,20010206,A039720,증권투자회사법 64조에 의한 해산사유 발생
1049,20010206,A038760,증권투자회사법 64조에 의한 해산사유 발생
1050,20010206,A040520,증권투자회사법 64조에 의한 해산사유 발생
1051,20010206,A038580,증권투자회사법 64조에 의한 해산사유 발생
1052,20010206,A038940,증권투자회사법 64조에 의한 해산사유 발생
1053,20010206,A039380,증권투자회사법 64조에 의한 해산사유 발생
1054,20010206,A039520,증권투자회사법 64조에 의한 해산사유 발생
1055,20010130,A039180,증권투자회사법 64조에 의한 해산사유 발생
1056,20010130,A039920,증권투자회사법 64조에 의한 해산사유 발생
1057,20010130,A039160,증권투자회사법 64조에 의한 해산사유 발생
1058,20010130,A039280,증권투자회사법 64조에 의한 해산사유 발생
1059,20010126,A039170,증권투자회사법 64조에 의한 해산사유 발생
1060,20010120,A008640,회사정리절차 폐지 결정
1061,20010116,A014740,해산 사유 발생
1062,20010116,A039270,증권투자회사법 64조에 의한 해산사유 발생
1063,20010116,A038480,증권투자회사법 64조에 의한 해산사유 발생
1064,20010109,A038380,증권투자회사법 64조에 의한 해산사유 발생
1065,20010109,A038770,증권투자회사법 64조에 의한 해산사유 발생
1066,20010109,A039050,증권투자회사법 64조에 의한 해산사유 발생
1067,20001222,A002080,해산 사유 발생
1068,20001219,A037770,증권투자회사법 64조에 의한 해산사유 발생
1069,20001219,A037780,증권투자회사법 64조에 의한 해산사유 발생
1070,20001219,A038030,증권투자회사법 64조에 의한 해산사유 발생
1071,20001213,A022060,피흡수합병
1072,20001212,A006160,회사정리절차 폐지 결정
1073,20001128,A037360,증권투자회사법 64조에 의한 해산사유 발생
1074,20001128,A038310,증권투자회사법 64조에 의한 해산사유 발생
1075,20001128,A015060,기타 등록취소
1076,20001128,A037490,증권투자회사법 64조에 의한 해산사유 발생
1077,20001128,A038020,증권투자회사법 64조에 의한 해산사유 발생
1078,20001124,A037480,존속기간 만료
1079,20001107,A037430,증권투자회사법 64조에 의한 해산사유 발생
1080,20001107,A037180,증권투자회사법 64조에 의한 해산사유 발생
1081,20001107,A037670,증권투자회사법 64조에 의한 해산사유 발생
1082,20001107,A037190,증권투자회사법 64조에 의한 해산사유 발생
1083,20001101,A038270,존속기간 만료
1084,20001024,A037040,증권투자회사법 64조에 의한 해산사유 발생
1085,20001017,A036780,증권투자회사법 64조에 의한 해산사유 발생
1086,20001004,A037530,증권투자회사법 64조에 의한 해산사유 발생
1087,20001004,A037520,증권투자회사법 64조에 의한 해산사유 발생
1088,20001004,A036950,증권투자회사법 64조에 의한 해산사유 발생
1089,20001004,A036960,증권투자회사법 64조에 의한 해산사유 발생
1090,20000930,A036870,존속기간 만료
1091,20000926,A036970,증권투자회사법 64조에 의한 해산사유 발생
1092,20000926,A036650,증권투자회사법 64조에 의한 해산사유 발생
1093,20000920,A011650,해산 사유 발생
1094,20000919,A036300,증권투자회사법 64조에 의한 해산사유 발생
1095,20000919,A034760,증권투자회사법 64조에 의한 해산사유 발생
1096,20000909,A005410,회사정리절차 폐지 결정
1097,20000905,A035970,증권투자회사법 64조에 의한 해산사유 발생
1098,20000905,A035980,증권투자회사법 64조에 의한 해산사유 발생
1099,20000905,A036400,증권투자회사법 64조에 의한 해산사유 발생
1100,20000905,A036310,증권투자회사법 64조에 의한 해산사유 발생
1101,20000829,A016390,해산 사유 발생
1102,20000822,A036440,증권투자회사법 64조에 의한 해산사유 발생
1103,20000822,A036430,증권투자회사법 64조에 의한 해산사유 발생
1104,20000822,A036330,증권투자회사법 64조에 의한 해산사유 발생
1105,20000822,A036040,증권투자회사법 64조에 의한 해산사유 발생
1106,20000822,A035820,증권투자회사법 64조에 의한 해산사유 발생
1107,20000822,A035860,증권투자회사법 64조에 의한 해산사유 발생
1108,20000822,A035940,증권투자회사법 64조에 의한 해산사유 발생
1109,20000814,A036390,존속기간 만료
1110,20000808,A035790,증권투자회사법 64조에 의한 해산사유 발생
1111,20000801,A035700,증권투자회사법 64조에 의한 해산사유 발생
1112,20000728,A026240,주된영업의 양도
1113,20000719,A035880,증권투자회사법 64조에 의한 해산사유 발생
1114,20000719,A035540,증권투자회사법 64조에 의한 해산사유 발생
1115,20000719,A035520,증권투자회사법 64조에 의한 해산사유 발생
1116,20000719,A035530,증권투자회사법 64조에 의한 해산사유 발생
1117,20000719,A034340,증권투자회사법 64조에 의한 해산사유 발생
1118,20000719,A034330,증권투자회사법 64조에 의한 해산사유 발생
1119,20000719,A035680,증권투자회사법 64조에 의한 해산사유 발생
1120,20000719,A035670,증권투자회사법 64조에 의한 해산사유 발생
1121,20000719,A035410,증권투자회사법 64조에 의한 해산사유 발생
1122,20000707,A006300,주된영업의 양도
1123,20000704,A035470,증권투자회사법 64조에 의한 해산사유 발생
1124,20000630,A002940,회사정리절차 폐지 결정
1125,20000630,A001350,회사정리절차 폐지 결정
1126,20000630,A005580,회사정리절차 개시 신청 기각 결정
1127,20000630,A000840,회사정리절차 폐지 결정
1128,20000629,A035310,증권투자회사법 64조에 의한 해산사유 발생
1129,20000624,A035590,존속기간 만료
1130,20000615,A035330,증권투자회사법 64조에 의한 해산사유 발생
1131,20000615,A035300,증권투자회사법 64조에 의한 해산사유 발생
1132,20000615,A035320,증권투자회사법 64조에 의한 해산사유 발생
1133,20000607,A013850,"최종부도 또는 당좌거래정지(1년) , 기타 등록취소 , 자본전액잠식(2년)"
1134,20000607,A022770,"자본전액잠식(2년) , 기타 등록취소"
1135,20000607,A027610,"최종부도 또는 당좌거래정지(1년) , 주식분산기준미달 , 기타 등록취소"
1136,20000607,A007930,주식분산기준미달
1137,20000607,A024920,"자본전액잠식(2년) , 기타 등록취소"
1138,20000607,A018720,"자본전액잠식(2년) , 기타 등록취소"
1139,20000607,A022510,"자본전액잠식(2년) , 기타 등록취소"
1140,20000607,A013900,자본전액잠식(2년)
1141,20000607,A017620,"최종부도 또는 당좌거래정지(1년) , 기타 등록취소"
1142,20000607,A013320,자본전액잠식(2년)
1143,20000607,A012010,"최종부도 또는 당좌거래정지(1년) , 보고서미제출 , 기타 등록취소 , 주식분산기준미달"
1144,20000607,A025150,"주식분산기준미달 , 자본전액잠식(2년)"
1145,20000607,A013310,"최종부도 또는 당좌거래정지(1년) , 자본전액잠식(2년) , 기타 등록취소 , 주식분산기준미달"
1146,20000607,A014090,자본전액잠식(2년)
1147,20000607,A011870,"보고서미제출 , 기타 등록취소"
1148,20000607,A005370,주식분산기준미달
1149,20000607,A003430,주식분산기준미달
1150,20000607,A001850,주식분산기준미달
1151,20000607,A010810,"최종부도 또는 당좌거래정지(1년) , 자본전액잠식(2년)"
1152,20000607,A017740,"최종부도 또는 당좌거래정지(1년) , 자본전액잠식(2년) , 기타 등록취소"
1153,20000529,A007090,피흡수합병
1154,20000527,A007100,상장폐지유예기간종료
1155,20000525,A035160,증권투자회사법 64조에 의한 해산사유 발생
1156,20000520,A035340,존속기간 만료
1157,20000512,A035050,존속기간 만료
1158,20000504,A018550,신청에 의한 상장폐지
1159,20000429,A035040,존속기간 만료
1160,20000428,A007840,주식분산기준미달
1161,20000419,A034960,증권투자회사법 64조에 의한 해산사유 발생
1162,20000419,A034570,증권투자회사법 64조에 의한 해산사유 발생
1163,20000417,A010110,해산 사유 발생
1164,20000417,A034990,존속기간 만료
1165,20000412,A000900,해산 사유 발생
1166,20000330,A034820,증권투자회사법 64조에 의한 해산사유 발생
1167,20000330,A034920,증권투자회사법 64조에 의한 해산사유 발생
1168,20000325,A034850,존속기간 만료
1169,20000324,A034840,존속기간 만료
1170,20000225,A034770,존속기간 만료
1171,20000224,A034650,증권투자회사법 64조에 의한 해산사유 발생
1172,20000212,A005790,해산 사유 발생
1173,20000129,A004730,상장폐지유예기간종료
1174,20000128,A008920,피흡수합병
1175,20000127,A034470,증권투자회사법 64조에 의한 해산사유 발생
1176,20000127,A034560,증권투자회사법 64조에 의한 해산사유 발생
1177,20000127,A034460,증권투자회사법 64조에 의한 해산사유 발생
1178,20000127,A034450,증권투자회사법 64조에 의한 해산사유 발생
1179,20000127,A034350,증권투자회사법 64조에 의한 해산사유 발생
1180,20000127,A034440,증권투자회사법 64조에 의한 해산사유 발생
1181,20000127,A034430,증권투자회사법 64조에 의한 해산사유 발생
1182,20000118,A006000,기타 등록취소
1183,20000118,A011890,기타 등록취소
1184,20000118,A003380,기타 등록취소
1185,20000115,A034580,존속기간 만료
1186,20000111,A034280,증권투자회사법 64조에 의한 해산사유 발생
1187,20000111,A034290,증권투자회사법 64조에 의한 해산사유 발생
1188,20000111,A034260,증권투자회사법 64조에 의한 해산사유 발생
1189,20000111,A034320,증권투자회사법 64조에 의한 해산사유 발생
1190,20000111,A034270,증권투자회사법 64조에 의한 해산사유 발생
